,Date,IPO_Name,Issue Size,Subscription_QIB,Subscription_HNI,Subscription_RII,Total_Subscription,Issue Price,Listing Open,Listing Close,Listing Gain Percent
278,2019-02-07,Chalet Hotels Ltd.,1641.2,4.7,1.1,0.03,1.6,280,291,290.4,3.7
323,2017-06-06,IndiGrid InvIT,2250,1.14,1.6,0,1.35,100,99.7,95.08,-4.92
482,2010-02-24,DB Realty,1500,1.35,1.21,0.01,0.85,468,452.1,455.4,-2.69
384,2012-12-28,INDUS TOWERS,4533.6,2.84,0.1,0.06,1.21,220,200,191.2,-13.09
439,2010-10-27,Prestige Estate,1200,4.32,0.24,0.08,2.26,183,190,192.55,5.22
154,2022-11-21,Five Star Business Finance Ltd.,1960,1.8,0.6,0.1,0.7,474,468.8,490,3.4
270,2019-08-19,Spandana Sphoorty Financial Ltd.,1200.9,3.1,0.6,0.1,1.1,856,825,847.8,-1
356,2016-01-06,Narayana Hruda,613,0.01,0.01,0.13,0.07,250,291,336.7,34.68
468,2010-05-13,NEL HOLDINGS SO,405,2.54,0.22,0.16,1.16,54,50,50.95,-5.65
449,2010-10-08,Orient Green,900,2.09,0.64,0.18,1.07,47,45.7,44.9,-4.47
142,2023-01-04,Radiant Cash Management Services Ltd.,387.9,0.9,0.4,0.2,0.5,99,103,104.9,6
253,2020-11-20,Gland Pharma Ltd.,6479.6,6.4,0.5,0.2,2.1,1500,1710,1820.5,21.4
280,2018-10-08,AAVAS Financier,1729.2,2.77,0.26,0.25,0.97,821,758,773.15,-5.83
370,2015-05-26,PNC Infratech,488,4.51,0.65,0.28,1.56,378,381,72.04,-80.94
481,2010-02-25,Hathway Cable,735.4,1.43,4.29,0.28,1.36,240,246,41.56,-82.68
403,2011-09-16,SRS,227.5,0.74,5,0.29,1.22,58,55,16.83,-70.98
269,2019-08-20,Sterling and Wilson Renewable Energy Ltd.,2880.9,1,0.9,0.3,0.8,780,700,725.4,-7
431,2010-12-23,A2Z Infra Eng,675,0.7,4.25,0.33,0.96,400,390,328.9,-17.78
362,2015-09-21,Prabhat Dairy,300,0.88,1.42,0.34,0.77,115,113,116.35,1.17
404,2011-09-08,TD Power System,227,6.52,0.32,0.36,2.72,256,251.6,274.8,7.34
441,2010-10-18,Commercial Eng,172.41,3.68,0.34,0.38,2.07,127,122.8,112.25,-11.61
288,2018-03-28,Hindustan Aeron,4229,1.73,0.03,0.39,0.99,1215,1159,1128.35,-7.13
286,2018-04-05,ICICI Securitie,4016,0.54,0.05,0.39,0.36,520,435,444.9,-14.44
376,2015-03-19,Ortel Comm,240,1.01,0.09,0.39,0.75,181,181,171.95,-5
183,2022-02-16,Vedant Fashions Ltd.,3149.2,7.5,1.1,0.4,2.6,866,950,934.9,8
463,2010-07-01,Parabolic Drugs,200,1.48,1.2,0.4,1.04,75,76,64.8,-13.6
232,2021-04-19,Macrotech Developers Ltd.,2500,3,1.4,0.4,1.4,486,439,463.1,-4.7
146,2022-12-23,Abans Holdings Ltd.,345.6,4.1,1.5,0.4,1.1,270,273,218.4,-19.1
365,2015-09-10,Pennar Eng,156.19,2.2,1.44,0.41,1.15,178,177.95,157.5,-11.52
333,2016-12-09,Sheela Foam,178.5,14.51,3.35,0.44,5.09,730,860,1032,41.37
483,2010-02-24,Emmbi Ind,43.08,0.43,5.55,0.46,1.2,45,46,28.65,-36.33
17,2024-10-22,Hyundai Motor India Ltd.,27870.2,7,0.6,0.5,2.4,1960,1934,1819.6,-7.2
157,2022-11-15,Fusion Micro Finance Ltd.,1104,8.6,1.4,0.5,3,368,359.5,324.8,-11.7
150,2022-11-24,Keystone Realtors Ltd.,635,3.8,3,0.5,2,541,555,556.9,2.9
383,2013-04-01,Repco Home,270.38,3.39,0.35,0.51,1.65,172,159.95,160.85,-6.48
342,2016-08-12,S P Apparels,215,1,0.45,0.54,0.66,268,275,295,10.07
389,2012-05-30,Speciality Rest,181.96,4.68,2.19,0.55,2.54,150,153,160.65,7.1
172,2022-05-24,Delhivery Ltd.,5235,2.7,0.3,0.6,1.6,487,495.2,536.4,10.1
145,2022-12-23,Landmark Cars Ltd.,552,8.7,1.3,0.6,3.1,506,471,458.4,-9.4
267,2019-10-16,Vishwaraj Sugar Industries Ltd.,60,1,1.8,0.6,1.1,60,61.2,60.4,0.6
464,2010-05-21,Jaypee Infra,1650,1.77,1.15,0.61,1.24,102,98,91.3,-10.49
419,2011-05-10,Future Consumer,750,0.26,7.81,0.61,1.52,10,9.5,8.3,-17
486,2010-02-15,Vascon Engineer,199.8,1.12,3.65,0.62,1.22,165,155.9,146.38,-11.28
304,2017-10-25,General Insuran,11372,2.25,0.22,0.63,1.38,912,870.4,435.2,-52.28
470,2010-04-16,Goenka Diamond,145,0.78,2.99,0.66,1.07,135,130,12.79,-90.53
282,2018-07-30,TCNS Clothing C,1121.98,13.47,5.08,0.67,5.27,716,715,657.8,-8.13
390,2012-05-09,Tribhovandas,210,1.29,1.91,0.68,1.15,120,115,111.2,-7.33
215,2021-08-23,Nuvoco Vistas Corporation Ltd.,5000,4.2,0.7,0.7,1.7,570,471,531.3,-6.8
287,2018-04-04,Mishra Dhatu Ni,438.38,1.96,0.12,0.72,1.21,90,93.1,90,0
137,2023-04-18,Avalon Technologies Ltd.,865,3.6,0.4,0.8,2.2,436,436,398,-8.7
169,2022-05-30,Ethos Ltd.,472.3,1.1,1.5,0.8,1,878,825,803.1,-8.5
308,2017-10-03,SBI Life Insura,8400,12.56,0.7,0.81,3.55,700,735,708,1.14
336,2016-10-19,Endurance Techn,1161,1.7,0.13,0.82,0.92,472,572,647.7,37.22
334,2016-11-08,Varun Beverages,1114,4.94,0.42,0.82,1.86,445,430,205.29,-53.87
281,2018-08-23,CreditAccess Gr,1126.44,5.52,0.98,0.88,2.22,422,393,420.8,-0.28
361,2015-11-02,Coffee Day,1150,4.39,0.54,0.9,1.82,328,313,270.15,-17.64
5,2024-12-06,Suraksha Diagnostic Ltd.,846.3,1.7,1.4,0.9,1.3,441,438,417.3,-5.4
300,2017-11-17,HDFC Life,8695.01,16.6,2.29,0.9,4.89,290,313,344.25,18.71
113,2023-09-27,Sai Silks (Kalamandir) Ltd.,1201,12.3,2.5,0.9,4.4,222,231,244.9,10.3
136,2023-05-09,Mankind Pharma Ltd.,4326.4,49.2,3.8,0.9,15.3,1080,1300,1422.3,31.7
156,2022-11-16,Global Health Ltd.,2205.6,28.6,4,0.9,9.6,336,401,415.3,23.6
58,2024-04-25,Vodafone Idea Ltd.,18000,17.6,4.1,0.9,6.4,11,11.8,13.1,19.1
13,2024-11-04,Afcons Infrastructure Ltd.,5430,3.8,5,0.9,2.6,463,426,474.2,2.4
360,2015-11-10,Interglobe Avi,3000,17.8,3.57,0.92,6.15,765,868,878.45,14.83
440,2010-10-20,Oberoi Realty,1028.61,22.15,3.61,0.94,12.13,260,280,282.95,8.83
372,2015-05-06,MEP Infra,324,1.02,1.51,0.97,1.11,63,63,60.95,-3.25
450,2010-10-08,Ramky Infra,530,4.52,1.45,0.99,2.89,450,450,387.35,-13.92
319,2017-07-04,GTPL Hathway,484.8,1.48,2.48,0.99,1.53,170,170,171.65,0.97
133,2023-07-04,HMA Agro Industries Ltd.,480,1.7,3,1,1.6,585,625,585.6,0.1
461,2010-07-21,Hindustan Media,270,8.98,3.39,1,5.43,166,177.95,189.2,13.98
371,2015-05-14,UFO Moviez,600,4.49,1.17,1.02,2.04,625,600,598.8,-4.19
437,2010-10-27,BS Limited,197.36,0.52,3.16,1.04,1.1,248,251,18.93,-92.37
197,2021-12-10,Star Health and Allied Insurance Company Ltd.,7249.2,1,0.2,1.1,0.8,900,903,906.9,0.8
11,2024-11-13,Swiggy Ltd.,11327.4,6,0.4,1.1,3.6,390,420,456,16.9
62,2024-03-19,Popular Vehicles and Services Ltd.,601.5,2,0.7,1.1,1.2,295,289.2,276.1,-6.4
115,2023-09-22,Samhi Hotels Ltd.,1370.1,8.8,1.2,1.1,5.3,126,134.5,143.4,13.8
211,2021-09-14,Vijaya Diagnostic Centre Ltd.,1895,13.1,1.3,1.1,4.5,531,542.3,619.3,16.6
167,2022-06-03,Aether Industries Ltd.,808,17.6,2.5,1.1,6.3,642,704,774.4,20.6
191,2021-12-22,Metro Brands Ltd.,1367.5,8.5,3,1.1,3.6,500,436,317.6,-36.5
388,2012-07-18,VKS Projects,55,1.15,0.38,1.13,1.03,55,55.8,1.57,-97.15
369,2015-07-09,Manpasand Bever,400,1.99,0.38,1.16,1.4,320,291,163.43,-48.93
423,2011-03-30,PTC India Fin,438.76,2.85,0.22,1.18,1.7,28,28,24.9,-11.07
292,2018-02-26,Aster DM Health,980.14,2.1,0.55,1.18,1.31,190,182,179.85,-5.34
289,2018-03-27,Bandhan Bank,4473,38.67,13.89,1.2,14.63,375,485,477.2,27.25
427,2011-03-10,Acropetal Tech,170,1.12,2,1.21,1.28,90,130,98.45,9.39
309,2017-09-27,ICICI Lombard,5700.94,8.93,0.83,1.23,2.98,661,651,681.55,3.11
73,2024-02-16,Entero Healthcare Solutions Ltd.,1600,2.3,0.2,1.3,1.5,1258,1228.7,1149.5,-8.6
71,2024-02-28,Juniper Hotels Ltd.,1800,3,0.8,1.3,2.1,360,365,401.5,11.5
173,2022-05-20,Prudent Corporate Advisory Services Ltd.,538.6,1.3,1,1.3,1.2,630,650,561.8,-10.8
335,2016-11-07,PNB Housing Fin,3000,37.33,86.17,1.32,29.53,775,860,890.6,14.92
393,2012-03-28,Olympic Cards,25,0,3.43,1.36,0.99,30,29.95,28.5,-5
375,2015-04-06,Imagicaaworld,467,1.17,0.49,1.37,1.11,180,167.95,191.25,6.25
472,2010-04-09,Shree Ganesh,385.29,1.38,6.13,1.39,1.96,260,258.85,163.25,-37.21
144,2022-12-29,KFIN Technologies Ltd.,1500,4.2,0.2,1.4,2.6,366,367,363.9,-0.6
170,2022-05-27,Paradeep Phosphates Ltd.,1501.7,3,0.8,1.4,1.8,42,44,43.9,4.5
108,2023-10-04,Updater Services Ltd.,640,4.5,0.8,1.4,2.9,300,285,283.9,-5.4
181,2022-04-05,Global Longlife Hospital and Research Ltd.,49,,1.6,1.4,1.5,140,141.1,135.3,-3.3
204,2021-11-15,SJS Enterprises Ltd.,800,1.4,2.3,1.4,1.6,542,514,509.9,-5.9
175,2022-05-10,Rainbow Childrens Medicare Pvt.Ltd.,1580.8,38.9,3.7,1.4,12.4,542,510,450.1,-17
102,2023-11-07,Honasa Consumer Ltd.,1701.4,11.5,4,1.4,7.6,324,330,337.1,4
3,2024-12-18,Sai Life Sciences Ltd.,3042.6,30.9,4.9,1.4,10.3,549,650,764.6,39.3
213,2021-09-06,Aptus Value Housing Finance India Ltd.,2780.1,32.4,33.9,1.4,17.2,353,360,346.5,-1.8
351,2016-04-21,Equitas Holding,2159,14.93,57.29,1.4,17.21,110,145.1,135.25,22.95
290,2018-03-23,Bharat Dynamics,960.94,1.5,0.5,1.41,1.3,428,360,390.7,-8.71
338,2016-09-29,ICICI Prudentia,6057,11.83,28.55,1.42,10.48,334,329,297.65,-10.88
417,2011-05-13,Innoventive Ind,219.58,0.85,1.94,1.48,1.24,117,110,93.6,-20
285,2018-05-21,Indostar Capita,1844,16.08,6.91,1.48,6.8,572,600.6,585.5,2.36
364,2015-09-10,Shree Pushkar,70,0.97,2.09,1.54,1.34,65,60.05,63,-3.08
398,2011-10-19,Flexituff Ventu,104.63,0.51,1.55,1.55,1.03,155,155,166.4,7.35
332,2016-12-19,Laurus Labs,560.7,10.54,3.57,1.58,4.53,428,489.9,96.1,-77.55
230,2021-06-24,Sona BLW Precision Forgings Ltd.,5550,3.5,0.4,1.6,2.3,291,302.4,362.9,24.7
147,2022-12-22,Sula Vineyards Ltd.,960.4,4.1,1.5,1.6,2.3,357,361,331.2,-7.2
432,2010-12-20,Claris Life,300,1.31,2.03,1.6,1.5,228,224.4,205.85,-9.71
366,2015-09-09,Navkar Corp,600,6.47,0.9,1.62,2.85,155,152,166.4,7.35
284,2018-07-02,Fine Organics,597.87,12.86,21.01,1.62,8.99,783,815,822.8,5.08
328,2017-03-31,CL Educate,238.95,3.65,0.21,1.63,1.9,500,398,417.9,-16.42
402,2011-09-26,PG Electroplast,120.65,0.98,1.84,1.64,1.34,210,200,411.65,96.02
385,2012-12-27,PC Jeweller,609.3,7.33,18.12,1.68,6.85,135,137,74.5,-44.81
363,2015-09-16,Sadbhav Infra,425,3.04,1.66,1.69,2.24,103,111,106.15,3.06
8,2024-11-22,Zinka Logistics Solutions Ltd.,1114.7,2.8,0.2,1.7,1.9,273,280.9,260.1,-4.7
202,2021-11-18,One97 Communications Ltd.,18300,2.8,0.2,1.7,1.9,2150,1955,1554.2,-27.7
14,2024-10-30,Godavari Biorefineries Ltd.,554.8,2.8,0.9,1.7,1.8,352,308,343.2,-2.5
109,2023-10-03,Manoj Vaibhav Gems N Jewellers Ltd.,270.2,1.1,5.2,1.7,2.3,215,215,215.5,0.2
340,2016-09-23,L&T Technology,900,5.01,1.03,1.74,2.52,860,900,865.1,0.59
97,2023-11-30,Fedbank Financial Services Ltd.,1092.3,3.5,1.4,1.8,2.2,140,138,140.3,0.2
455,2010-09-29,Indosolar,357,1.44,1.3,1.81,1.55,29,29.75,23.7,-18.28
411,2011-07-07,Birla Pacific,65.18,1.04,0.17,1.82,1.18,10,10.1,25.35,153.5
415,2011-05-27,Dr Datson Labs,120,0.14,2.65,1.84,1.11,234,218,311.25,33.01
264,2019-12-30,Prince Pipes & Fittings Ltd.,500,3.5,1.2,1.9,2.2,178,160,166.6,-6.4
418,2011-05-12,Servalakshmi,60,0.34,4.21,1.9,1.47,29,30,19,-34.48
359,2015-11-16,S H Kelkar,200,25.55,87.38,1.98,27,180,216,207.3,15.17
174,2022-05-17,Life Insurance Corporation,21000,2.8,2.9,2,3,949,872,875.3,-7.8
355,2016-02-08,Precision Camsh,410,2.62,0.73,2.01,1.91,186,165,177.25,-4.7
387,2012-12-06,Tara Jewels,0,1.49,3.1,2.05,1.98,230,242,229.95,-0.02
352,2016-04-01,Bharat Wire Rop,70,1.01,2.02,2.08,1.21,45,47.25,45.4,0.89
254,2020-11-02,Equitas Small Finance Bank Ltd.,517.6,3.9,0.2,2.1,1.9,33,31,32.8,-0.8
111,2023-09-28,Yatra Online Ltd.,775,2,0.4,2.1,1.6,142,127.5,135.9,-4.3
186,2021-12-31,CMS Info Systems Ltd.,1100,2,1.4,2.1,1.9,216,242.9,237.4,9.9
117,2023-09-20,R R Kabel Ltd.,1964,52.3,13.2,2.1,18.7,1035,1180,1198,15.8
348,2016-05-19,Parag Milk Food,764.3,1.15,3.08,2.12,1.83,215,230,247.8,15.26
374,2015-04-09,Inox Wind,700,35.68,35.38,2.15,18.6,325,400,438,34.77
391,2012-04-12,MT Educare,99,6.01,8,2.17,4.8,80,86.05,90.35,12.94
275,2019-04-15,Metropolis Healthcare Ltd.,1204.3,8.9,3,2.2,5.8,880,960,959.5,9
143,2022-12-30,Elin Electronics Ltd.,475,4.5,3.3,2.2,3.1,247,244,227.7,-7.8
104,2023-11-01,Blue Jet Healthcare Ltd,840.3,13.7,13.6,2.2,8,346,380,413.3,19.4
485,2010-02-19,Thangamayil,0,0.52,1.52,2.26,1.12,75,70,71.1,-5.2
425,2011-03-11,Sudar Ind,69.98,0.17,4.47,2.27,1.55,77,74,113.1,46.88
255,2020-10-12,UTI Asset Management Company Ltd.,2159.9,3.3,0.9,2.3,2.3,554,476.2,476.6,-14
214,2021-08-24,Chemplast Sanmar Ltd.,3850,2.7,1,2.3,2.2,541,570,534.9,-1.1
38,2024-08-13,Brainbees Solutions Ltd.,4193.7,19.3,4.7,2.3,12.2,465,651,679.1,46
4,2024-12-18,Vishal Mega Mart Ltd.,8000,80.8,14.2,2.3,27.3,78,104,111.9,43.5
436,2010-11-04,Coal India,15475,24.7,25.4,2.31,15.28,245,300,342.35,39.73
400,2011-10-17,Onelife Capital,36.85,1.02,0.93,2.32,1.51,110,115,145.9,32.64
301,2017-11-14,Khadim India,493.06,2.45,0.18,2.34,1.9,750,727,688.5,-8.2
397,2011-10-20,Ujaas Energy,93,1.03,1.56,2.35,1.57,186,180,31.76,-82.92
343,2016-08-11,Dilip Buildcon,430,9.76,79.64,2.35,20.95,219,240,251.95,15.05
70,2024-02-29,GPT Healthcare Ltd.,525.1,17.3,11,2.4,8.5,186,215,200.7,7.9
76,2024-02-14,Capital Small Finance Bank Ltd.,523.1,6.6,4,2.5,4,468,430.3,435,-7
55,2024-05-15,Aadhar Housing Finance Ltd.,3000,72.8,16.5,2.5,25.5,315,315,329.4,4.6
263,2020-03-16,SBI Cards and Payment Services Ltd.,10354.8,57.2,45.2,2.5,26.5,755,658,683.2,-9.5
168,2022-06-01,eMudhra Ltd.,412.8,4,1.3,2.6,2.7,256,270,257.9,0.7
279,2019-02-04,Xelpmoc Design and Tech Ltd.,23,1.2,7.7,2.6,3.3,66,56,59.9,-9.3
305,2017-10-23,IEX,1000.7,2.56,0.85,2.61,2.28,1650,1500,162.65,-90.14
446,2010-10-12,Cantabil Retail,105,1.71,3.83,2.63,2.35,135,133.8,104.75,-22.41
9,2024-11-14,Niva Bupa Health Insurance Company Ltd.,2200,2.1,0.7,2.7,1.8,74,78.1,74,0
467,2010-05-18,Tarapur Trans,63.75,0.03,5.08,2.74,1.74,75,75,56.9,-24.13
406,2011-08-26,Tree House,112.06,1.02,1.68,2.76,1.85,135,132.8,116.55,-13.67
236,2021-03-26,Kalyan Jewellers India Ltd.,1175,2.8,1.9,2.8,2.6,87,73.9,75.3,-13.4
59,2024-04-12,Bharti Hexacom Ltd.,4275,48.6,10.5,2.8,29.9,570,755,813.3,42.7
216,2021-08-20,CarTrade Tech Ltd.,2998.5,35.5,41,2.8,20.3,1618,1600,1500.1,-7.3
466,2010-05-19,GB Global,107.9,7.97,10.52,2.81,6.32,130,131,133.65,2.81
459,2010-08-16,Bharat Fin,1653.97,20.38,18.26,2.81,13.69,985,1036,1088.58,10.52
276,2019-04-11,Rail Vikas Nigam Ltd.,481.6,1.4,0.8,2.9,1.8,19,19,19.1,0.3
228,2021-07-05,Krishna Institute of Medical Sciences Ltd.,2143.7,5.3,1.9,2.9,3.9,825,1009,1096.8,33
416,2011-05-23,Sanghvi Forging,36.9,0,1.82,2.93,1.3,85,88,111.75,31.47
299,2017-12-15,Shalby,504.8,4.34,0.42,2.98,2.82,248,237,239.25,-3.53
277,2019-03-29,MSTC Ltd.,212,1.1,2.1,3,1.5,128,111,114.2,-10.8
484,2010-02-23,Aqua Logistics,150,0.26,5.07,3,1.94,220,225,24.46,-88.88
291,2018-03-09,HG Infra Engg,457.7,8.37,4.97,3.08,4.98,270,270,270.05,0.02
322,2017-06-27,Tejas Networks,326.69,2.16,0.48,3.1,1.88,257,257.7,263.3,2.45
10,2024-11-13,ACME Solar Holdings Ltd.,2900,3.5,1,3.1,2.8,289,251,253.2,-12.4
235,2021-03-26,Suryoday Small Finance Bank Ltd.,582.3,2.2,1.3,3.1,2.4,305,274.8,276.2,-9.4
210,2021-09-24,Sansera Engineering Ltd.,1283,26.5,11.4,3.1,11.5,744,845,818.7,10
103,2023-11-06,Cello World Ltd.,1900,108.6,24.4,3.1,38.9,648,829,791.7,22.2
185,2022-01-31,AGS Transact Technologies Ltd.,680,2.7,25.6,3.1,7.8,175,176,161.3,-7.8
465,2010-05-20,SJVN,1079,9.03,3.39,3.12,6.64,26,27.1,25.05,-3.65
358,2015-12-23,Alkem Lab,1349.6,57.19,129.96,3.17,44.29,1050,1380,1381.45,31.57
208,2021-10-11,Aditya Birla Sun Life AMC Ltd.,2768.3,10.4,4.4,3.2,5.3,712,697.5,699.6,-1.7
81,2024-01-23,Medi Assist Healthcare Services Ltd.,1171.6,40.1,14.8,3.2,16.3,418,460,464.1,11
298,2017-12-18,Future Supply,649.69,12.36,11.15,3.28,7.56,664,674,685.8,3.28
205,2021-11-15,PB Fintech Ltd.,5625,24.9,7.8,3.3,16.6,980,1444,1202.9,22.7
61,2024-03-21,Krystal Integrated Services Ltd.,300.1,7.3,43.9,3.3,13.2,715,785,712.9,-0.3
395,2011-11-02,Indo Thai Secu,33.6,0,0.02,3.31,1.16,74,76,23,-68.92
337,2016-10-04,HPL Electric &,361,5.77,22.2,3.31,8.06,202,190,189.05,-6.41
405,2011-09-05,Brooks Labs,63,0,2.82,3.36,1.6,100,110,50.2,-49.8
7,2024-11-27,NTPC Green Energy Ltd.,10000,3.3,0.8,3.4,2.4,108,111.5,121.7,12.6
392,2012-04-12,NBCC (India),127.2,7.07,1.7,3.4,4.93,106,100,6.47,-93.9
237,2021-03-25,Craftsman Automation Ltd.,823.7,5.2,2.8,3.4,3.8,1490,1440,1433,-3.8
414,2011-06-14,VMS Industries,25.75,0,1.11,3.41,1.36,40,43.95,28.5,-28.75
367,2015-08-26,Power Mech,273.22,27.53,133.22,3.42,38.12,640,600,585.75,-8.48
444,2010-10-14,Ashoka Buildcon,225,25.52,13.91,3.46,15.94,324,333.55,73.33,-77.37
321,2017-06-29,Eris Life,1741.1,4.68,0.45,3.51,3.29,603,612,601.05,-0.32
318,2017-07-10,AU Small Financ,1912.51,78.77,143.51,3.52,53.6,358,544,541.2,51.17
382,2013-06-05,Just Dial,950,10.12,22.34,3.53,11.63,530,590,611.45,15.37
249,2021-01-29,Indian Railway Finance Corporation Ltd.,4633,3.8,2.7,3.7,3.5,26,25,24.9,-4.4
488,2010-02-08,Jubilant Food,328.7,59.39,51.95,3.79,31.11,145,160,114.5,-21.03
40,2024-08-08,Ceigall India Ltd.,1252.7,31.5,14.4,3.8,13.8,401,419,386.8,-3.5
125,2023-08-18,Concord Biotech Ltd.,1551,67.7,17,3.8,24.9,741,900,942.8,27.2
353,2016-02-18,Quick Heal Tech,450,4.34,36.69,3.82,10.8,321,305,254.45,-20.73
39,2024-08-09,Ola Electric Mobility Ltd.,6145.6,5.3,2.4,3.9,4.3,76,76,91.2,20
184,2022-02-08,Adani Wilmar Ltd.,3600,5.7,56.3,3.9,17.4,230,274,265.2,15.3
63,2024-03-14,Gopal Snacks Ltd.,650,17.5,9.5,4,9,401,351,362.7,-9.6
349,2016-05-10,Ujjivan Financi,358.16,33.84,135.45,4.02,40.68,210,231.9,231.6,10.29
152,2022-11-22,Kaynes Technology India Ltd.,857.8,98.5,21.2,4.1,34.1,587,778,690,17.5
57,2024-04-30,JNK India Ltd.,649.5,75.7,23.3,4.1,28.1,415,621,694.5,67.4
410,2011-07-13,Kridhan Infra,34.75,0.03,1.37,4.18,1.68,108,115,13.29,-87.69
12,2024-11-12,Sagility India Ltd.,2106.6,3.5,1.9,4.2,3.2,30,31.1,29.3,-2.3
357,2015-12-23,Dr Lal PathLab,638,63.56,61.28,4.24,33.41,550,717,824.15,49.85
257,2020-10-05,Angel One Ltd.,600,5.7,0.7,4.3,3.9,306,275,275.9,-9.8
140,2023-03-14,Divgi Torqtransfer Systems Ltd.,412.1,7.8,1.4,4.3,5.4,590,620,605.2,2.6
53,2024-05-23,Go Digit General Insurance Ltd.,2615,12.6,7.2,4.3,9.6,272,286,306,12.5
426,2011-03-11,Fineotex Chem,30.32,0,0.22,4.38,1.57,70,80,14.09,-79.87
46,2024-07-02,Allied Blenders & Distillers Ltd.,1500,50.4,32.4,4.5,23.6,281,320,317.9,13.1
274,2019-04-18,Polycab India Ltd.,1346,92.4,110.4,4.5,51.9,538,633,654.8,21.7
475,2010-03-30,ILandFS Trans,700,52.61,39.39,4.56,33.42,258,287,253.68,-1.67
148,2022-12-12,Uniparts India Ltd.,835.6,67.1,17.9,4.6,25.3,577,575,539.6,-6.5
401,2011-10-04,Setubandhan Inf,60,0.31,2.76,4.68,2.21,138,145,22.95,-83.37
151,2022-11-23,Inox Green Energy Services Ltd.,740,1.1,0.5,4.7,1.6,65,60,59.1,-9.1
368,2015-08-11,Syngene Intl,550,51.47,90.24,4.78,32.05,250,295,155.2,-37.92
155,2022-11-16,Bikaji Foods International Ltd.,881.2,80.6,7.1,4.8,26.7,300,322.8,317.4,5.8
429,2011-01-20,C Mahendra Expo,165,1.02,3.92,4.82,2.78,110,111,55.43,-49.61
159,2022-10-20,Tracxn Technologies Ltd.,309.4,1.7,0.8,4.9,2,80,84.5,93.3,16.6
409,2011-07-28,Bharatiya Glob,55.1,0,1.94,5.06,2.06,82,84,30.95,-62.26
139,2023-03-23,Global Surfaces Ltd.,155,8.9,33.1,5.1,12.2,140,164,171.1,22.2
313,2017-09-18,Bharat Road Net,600.65,1.33,1.63,5.16,1.75,205,205,208.15,1.54
295,2018-01-29,Newgen Software,424.62,15.62,5.52,5.18,8.25,245,256,253,3.27
190,2021-12-23,Medplus Health Services Ltd.,1398.3,111.9,85.3,5.2,52.6,796,1040,1121.2,40.9
303,2017-11-06,Nippon,1542,118.41,209.44,5.23,81.33,252,289,284,12.7
166,2022-08-26,Syrma SGS Technology Ltd.,840,87.6,17.5,5.5,32.6,220,260,310.5,41.1
75,2024-02-14,Jana Small Finance Bank Ltd.,570,38.8,25.1,5.5,18.5,414,396,368.1,-11.1
258,2020-10-01,Computer Age Management Services Ltd.,2244.3,73.2,111.8,5.5,47,1230,1535,1401.6,13.9
434,2010-12-06,RPP Infra Proj,48.75,0.16,7.27,5.6,2.97,75,75,68.95,-8.07
99,2023-11-15,ASK Automotive Ltd.,833.9,142.4,35.5,5.7,51.1,282,303.3,310.1,10
341,2016-08-31,RBL Bank,1100,85.08,198.06,5.7,69.62,225,274.4,299.3,33.02
422,2011-04-08,Shilpi Cable,55.88,1.04,6.39,5.74,3.48,69,78.35,23.8,-65.51
379,2014-09-23,Sharda Crop,352,32.06,251.35,5.85,59.97,156,254.1,231.45,48.37
206,2021-11-12,FINO Payments Bank Ltd.,1200.3,1.6,0.2,5.9,2,577,548,545.3,-5.5
114,2023-09-22,Zaggle Prepaid Ocean Services Ltd.,563.4,16.7,8.8,5.9,12.6,164,164,158.3,-3.5
162,2022-10-06,Mafia Trends Ltd.,3.6,,3.9,6,4.9,28,32.6,31.1,11.1
293,2018-02-08,Galaxy Surfacta,937.09,54.67,6.96,6,20,1480,1525,1698.1,14.74
326,2017-05-09,S Chand and Co,325,44.27,204.65,6.07,59.49,670,675.85,675.85,0.87
302,2017-11-10,Mahindra Logist,829.36,15.61,2.07,6.11,7.9,429,425,429.15,0.03
399,2011-10-19,Taksheel Solut,82.5,0.24,4.7,6.18,2.99,150,157.4,58.15,-61.23
386,2012-12-26,CARE Ratings,539.98,45.8,110.96,6.18,40.98,750,940,923.95,23.19
448,2010-10-08,Electrosteel St,0,5.86,28.58,6.19,8.23,11,11.15,11.25,2.27
487,2010-02-15,Syncom Health,56.25,0.99,16.6,6.25,5.17,75,88,87.85,17.13
80,2024-01-30,EPack Durables Ltd.,640,25.5,28.1,6.3,16.4,230,221,207.6,-9.7
324,2017-05-29,PSP Projects,211.68,8.38,10.39,6.47,8.58,210,195,208.95,-0.5
331,2017-02-03,BSE Limited,1243,48.64,159.03,6.48,51.22,806,1085,1069.2,32.66
164,2022-09-15,Tamilnad Mercantile Bank Ltd.,831.6,1.6,2.9,6.5,2.9,525,495,509.6,-2.9
130,2023-07-14,Senco Gold Ltd.,405,90.1,35,6.5,36.5,317,430,405.3,27.9
412,2011-07-07,Rushil Decor,40.64,0.23,1.35,6.57,2.62,72,81.25,104.49,45.12
247,2021-02-03,Home First Finance Company India Ltd.,1153.7,52.5,39,6.6,26.7,518,612.1,527.4,1.8
457,2010-08-25,Prakash Steelag,68.75,1.27,10.91,6.62,4.53,110,118.55,18.8,-82.91
458,2010-08-18,Bajaj Consumer,297,20.19,53.49,6.62,19.29,660,730,151.65,-77.02
182,2022-04-05,Shashwat Furnishing Solutions Ltd.,2.5,,2.4,6.8,4.6,44.99,45,45.3,0.7
112,2023-09-27,Signatureglobal (India) Ltd.,730,12.7,13.5,6.8,11.9,385,444,458.6,19.1
396,2011-10-24,Vaswani Ind,49,0.16,11.29,6.82,4.16,49,33.45,17.75,-63.78
347,2016-07-01,Mahanagar Gas,1039.64,72.84,191.61,6.82,64.54,421,540,519.9,23.49
377,2014-12-19,Monte Carlo,342.28,13.96,1.71,6.96,7.83,645,585,566.4,-12.19
28,2024-09-16,Bajaj Housing Finance Ltd.,6560,209.4,41.5,7,63.6,70,150,165,135.7
43,2024-07-10,Emcure Pharmaceuticals Ltd.,1952,195.8,48.3,7.2,67.9,1008,1325,1359.2,34.8
262,2020-07-23,Rossari Biotech Ltd.,496.3,85.3,239.8,7.2,79.4,425,670,742.4,74.7
479,2010-03-10,Texmo Pipes,45,1.02,30.5,7.26,7.48,90,92.8,137.25,52.5
329,2017-03-21,Avenue Supermar,1870,144.61,277.74,7.3,104.48,299,604,640.75,114.3
345,2016-07-21,L&T Infotech,1242,19.91,10.76,7.39,11.69,710,667,697.65,-1.74
460,2010-07-28,Shri Aster,53.1,0.01,12.46,7.41,4.47,118,127.7,199.1,68.73
442,2010-10-14,Sea TV Network,50.2,1.66,40.94,7.45,9.58,100,120,106,6
224,2021-07-23,Zomato Ltd.,9375,51.8,33,7.5,38.3,76,115,125.8,65.6
381,2014-05-09,Wonderla,181.25,16.71,159.04,7.56,38.06,125,164.75,157.6,26.08
124,2023-08-23,TVS Supply Chain Solutions Ltd.,880,1.4,2.4,7.6,2.8,197,207.1,201,2
89,2023-12-26,Muthoot Microfin Ltd.,960,17.5,13.2,7.6,11.5,291,275.3,266.1,-8.5
307,2017-10-05,Prataap Snacks,481.94,76.89,101.15,7.62,46.97,938,1250,1178.3,25.62
306,2017-10-16,Godrej Agrovet,1157.31,150.96,236.04,7.67,95.41,460,615,595.55,29.47
176,2022-05-09,Campus Activewear Ltd.,1400.1,152,22.3,7.7,51.8,292,360,378.6,29.7
98,2023-11-29,Indian Renewable Energy Development Agency Ltd.,2150.2,104.6,24.2,7.7,38.8,32,50,60,87.5
118,2023-09-18,Jupiter Life Line Hospitals Ltd.,869.1,187.3,34.8,7.7,63.7,735,973,1075.8,46.4
33,2024-09-03,Premier Energies Ltd.,2830.4,216.7,50,7.7,74.4,450,990,839.9,86.6
378,2014-10-01,Shemaroo Ent,120,5.69,8.64,7.79,7.39,170,180,171,0.59
195,2021-12-14,Anand Rathi Wealth Ltd.,660,2.5,25.4,7.8,9.8,550,584.5,583.5,6.1
373,2015-04-30,VRL Logistics,473.88,58.22,250.86,7.92,74.26,205,288,293.3,43.07
438,2010-10-27,Gyscoal Alloys,54.67,1.54,33.44,8,8.59,71,76.6,8.16,-88.51
56,2024-05-13,Indegene Ltd.,1841.8,197.6,55.1,8,69.9,452,655,570.9,26.3
194,2021-12-17,Rategain Travel Technologies Ltd.,1335.7,8.4,42,8.1,17.4,425,364.8,340.5,-19.9
315,2017-08-11,Cochin Shipyard,1454,63.51,288.87,8.12,76.06,432,461,522,20.83
127,2023-08-07,Yatharth Hospital & Trauma Care Services Ltd.,686.5,85.1,37.2,8.3,36.2,300,306.1,333.9,11.3
430,2010-12-30,Punjab & Sind,480,49.8,22.91,8.38,47.2,120,146.1,127.05,5.87
119,2023-09-11,Rishabh Instruments Ltd.,490.8,72.5,31.3,8.4,31.6,441,460.1,443.1,0.5
469,2010-05-10,Talwalkars Fitn,77.44,35.43,51.48,8.43,28.39,128,138,162.6,27.03
421,2011-05-06,Muthoot Finance,901.25,25.01,60.94,8.5,24.55,175,176.45,176.25,0.71
443,2010-10-14,Bedmutha Ind,91.8,0.67,29.19,8.51,7.69,102,114.4,180.8,77.25
314,2017-09-04,Apex Frozen,152.25,1.91,7.82,8.53,6.14,175,202,209.85,19.91
445,2010-10-13,Va Tech Wabag,472.6,36.13,100.98,8.55,36.22,1310,1655,341.88,-73.9
408,2011-08-04,Inventure Grow,81.9,0.25,9.49,8.66,4.58,117,119,5.2,-95.56
201,2021-11-18,Sapphire Foods India Ltd.,2073.3,7.5,3.5,8.7,6.6,1180,1311,1216,3.1
350,2016-05-09,Thyrocare Techn,479.21,73.18,225.3,8.73,73.55,446,662,618.1,38.59
100,2023-11-13,Protean eGov Technologies Ltd.,490.3,46.9,31.6,8.9,23.9,792,792,883,11.5
226,2021-07-19,Clean Science and Technology Ltd.,1546.6,156.4,206.4,9,93.4,900,1784.4,1585.2,76.1
447,2010-10-12,Tecpro Systems,268.03,27.99,62.48,9.07,24.47,355,399.4,407.85,14.89
31,2024-09-06,Baazar Style Retail Ltd.,834.7,81.8,59.4,9.1,40.7,389,389,400,2.8
456,2010-09-09,Gujarat Pipavav,500,13.2,85.7,9.15,19.94,46,56.25,54.05,17.5
90,2023-12-26,Suraj Estate Developers Ltd.,400,24.3,18.9,9.3,15.7,360,340,334.5,-7.1
105,2023-10-26,IRM Energy Ltd.,545.4,44.7,48.3,9.3,27.1,505,477.3,473.1,-6.3
420,2011-05-09,Paramount Print,45.83,0.33,3.28,9.31,3.92,35,35,26.65,-23.86
312,2017-09-18,Dixon Technolog,599.28,134.66,345.62,9.46,117.27,1766,2725,578.56,-67.24
407,2011-08-12,L&T Finance,1245,1.93,6.18,9.61,5.34,52,53.85,46.46,-10.65
477,2010-03-18,United Bank,330,47.08,39.15,9.8,33.38,66,77,68.8,4.24
330,2017-03-17,Music Broadcast,488.53,39.78,109.13,9.85,39.67,333,413,59.7,-82.07
177,2022-05-09,Le Merite Exports Ltd.,48,,2.9,9.9,6.4,74.99,75,78.8,5
428,2011-02-10,Omkar Special,79.38,0.82,5.27,9.9,4.67,98,95,46.2,-52.86
153,2022-11-21,Archean Chemical Industries Ltd.,1462.3,48.9,14.9,9.9,32.2,407,450,458.1,12.6
92,2023-12-20,India Shelter Finance Corporation Ltd.,1200,89.7,28.5,9.9,36.7,493,620,544.7,10.5
462,2010-07-16,Technofab Engg,71.76,4.28,48.85,10.03,12.78,240,265,295.65,23.19
179,2022-04-07,Uma Exports Ltd.,60,2.8,2.2,10.1,7.7,68,80,84,23.5
478,2010-03-11,Man Infra,142,96.06,104.57,10.26,62.53,252,335,69.65,-72.36
110,2023-10-03,JSW Infrastructure Ltd.,2800,57.1,16,10.3,37.4,119,143,157.3,32.2
74,2024-02-14,Rashi Peripherals Ltd.,600,143.7,62.8,10.4,59.7,311,339.5,321.5,3.4
474,2010-04-05,Pradip Overseas,116.6,8.57,45.35,10.53,14.08,110,120,89.29,-18.83
199,2021-11-26,Tarsons Products Ltd.,1023.5,115.8,184.6,10.6,77.5,662,700,840,26.9
354,2016-02-12,TeamLease Ser.,273.68,26.97,185.24,10.61,66.02,850,860,1021.95,20.23
325,2017-05-19,HUDCO,1224,55.45,330.36,10.79,79.53,58,76.5,72.5,25
180,2022-04-07,Veranda Learning Solutions Ltd.,200,2,3.9,10.8,3.5,137,171,160.4,17.1
18,2024-10-15,Garuda Construction and Engineering Ltd.,264.1,1.2,9,10.8,7.5,95,105,106.8,12.4
26,2024-09-16,Kross Ltd.,500,23.3,22.2,10.8,16.8,240,240,259.8,8.3
15,2024-10-28,Waaree Energies Ltd.,4321.4,208.6,62.5,10.8,76.3,1503,2500,2338.9,55.6
239,2021-03-24,Anupam Rasayan India Ltd.,760,65.7,97.4,10.8,44.1,555,534.7,525.9,-5.2
271,2019-08-08,Affle (India) Ltd.,459,55.3,198.7,10.9,86.5,745,929.9,873.6,17.3
126,2023-08-16,SBFC Finance Ltd.,1025,192.9,49.1,11,70.2,57,82,92.2,61.8
453,2010-10-05,Sasta Sundar,147.5,5.91,35.88,11.04,12.2,118,135.1,110.9,-6.02
489,2010-02-03,Infinite Comp,189.8,48.44,106.02,11.08,43.22,165,178.35,184.51,11.82
0,2024-12-20,International Gemmological Institute India Ltd.,4225,45.8,24.8,11.2,33.8,417,510,471.1,13
227,2021-07-05,India Pesticides Ltd.,800,43,51.9,11.3,29,296,360,343.1,15.9
229,2021-06-28,Dodla Dairy Ltd.,520.2,84.9,73.3,11.3,45.6,428,550,609.1,42.3
231,2021-06-24,Shyam Metalics and Energy Ltd.,909,155.7,340,11.6,121.4,306,380,375.9,22.8
294,2018-01-30,Amber Enterpris,600,174.99,519.26,11.65,165.42,859,1175,1237.25,44.03
344,2016-08-01,Advanced Enzyme,60,94.03,393.1,11.67,116.02,896,1210,235.66,-73.7
242,2021-03-09,Heranba Industries Ltd.,625,67.5,271.1,11.8,83.3,627,900,812.3,29.6
339,2016-09-27,GNA Axles,130.41,17.18,217.47,11.84,54.88,207,252,233.45,12.78
451,2010-10-06,Eros Intl,350,25.79,73.4,11.95,26.51,175,213.55,190.05,8.6
178,2022-04-13,Hariom Pipe Industries Ltd.,130.1,1.9,8.9,12.2,7.9,153,214,224.7,46.9
207,2021-11-10,FSN E-commerce Ventures Ltd.,5351.9,91.2,112,12.2,81.8,1125,2001,2206.7,96.2
454,2010-10-01,Tirupati Inks,51.5,1.78,23.18,12.59,8.77,43,53.95,36.65,-14.77
225,2021-07-19,G R Infraprojects Ltd.,963.3,168.6,238,12.6,102.6,837,1700,1746.8,108.7
193,2021-12-20,Shriram Properties Ltd.,600,1.9,4.8,12.7,4.6,118,94,99.4,-15.8
260,2020-09-21,Route Mobile Ltd.,600,89.8,192.8,12.7,73.3,350,708,651.1,86
94,2023-12-01,Flair Writing Industries Ltd.,593,115.6,33.4,13,46.7,304,501,450.9,48.3
233,2021-04-07,Barbeque-Nation Hospitality Ltd.,452.9,5.1,3.1,13.1,6,500,492,590.4,18.1
212,2021-09-14,Ami Organics Ltd.,569.6,86.6,154.8,13.4,64.5,610,902,934.5,53.2
471,2010-04-12,Intrasoft Tech,53.65,21.97,21.6,13.51,18.95,145,140,159.35,9.9
44,2024-07-10,Bansal Wire Industries Ltd.,745,146.1,51.5,13.6,59.6,256,356,350.4,36.9
134,2023-06-16,IKIO Lighting Ltd.,607,163.6,63.4,13.9,66.3,285,392.5,403.9,41.7
272,2019-07-04,IndiaMART InterMESH Ltd.,475.6,30.8,62.1,14.1,36.2,973,1180,1302.5,33.9
413,2011-06-22,Timbor Home,23.25,0.65,3.22,14.22,5.78,63,72,91.2,44.76
1,2024-12-19,Inventurus Knowledge Solutions Ltd.,2497.9,80.6,23.3,14.6,52.7,1329,1900,1960.8,47.5
222,2021-08-06,Glenmark Life Sciences Ltd.,1513.6,37,122.5,14.6,44.2,720,752,748.2,3.9
123,2023-08-29,Pyramid Technoplast Ltd.,153.1,9.9,32.2,14.7,18.3,166,185,175.8,5.9
268,2019-10-14,Indian Railway Catering & Tourism Corporation Ltd.,645.1,108.8,354.5,14.8,111.9,320,644,728.6,127.7
138,2023-04-03,Udayshivakumar Infra Ltd.,66,42.9,64.1,14.9,32.5,35,30,31.5,-10
87,2023-12-27,Happy Forgings Ltd.,1008.6,220.5,62.2,15.1,82,850,1000,1030.8,21.3
192,2021-12-21,C.E. Info Systems Ltd.,1039.6,196.4,424.7,15.2,154.7,1033,1581,1394.5,35
91,2023-12-21,Inox India Ltd.,1459.3,147.8,53.2,15.3,61.3,660,949.6,940,42.4
327,2017-04-05,Shankara Buildi,232.96,51.62,90.68,15.35,41.88,460,545,632.8,37.57
283,2018-07-02,RITES,453.6,71.72,194.56,15.74,67.24,185,190,170.16,-8.02
273,2019-05-08,Neogen Chemicals Ltd.,132.3,30.5,113.9,15.9,41.1,215,251,263.6,22.6
248,2021-02-02,Indigo Paints Ltd.,1176,189.6,263.1,15.9,117,1490,2607.5,3118.7,109.3
107,2023-10-06,Valiant Laboratories Ltd.,152.5,20.8,73.6,16.1,29.8,140,162.2,170.3,21.6
96,2023-11-30,Tata Technologies Ltd.,3042.5,203.4,62.1,16.5,69.4,500,1200,1313,162.6
250,2021-01-01,Antony Waste Handling Cell Ltd.,300,9.7,18.7,16.6,15,315,430,407.3,29.3
25,2024-09-17,P N Gadgil Jewellers Ltd.,1100,136.8,56.1,16.6,59.4,480,830,793.3,65.3
243,2021-02-26,RailTel Corporation of India Ltd.,819.2,65.1,73.3,16.8,42.4,94,109,121.4,29.1
101,2023-11-10,ESAF Small Finance Bank Ltd.,463,173.5,84.4,17,73.2,60,71,69,15.1
83,2023-12-29,Innova Captab Ltd.,570,116.7,65,17.1,55.3,448,452.1,541.4,20.9
64,2024-03-13,J G Chemicals Ltd.,251.2,32.1,46.3,17.4,27.8,221,209,184.8,-16.4
310,2017-09-25,Capacite Infra,400,131.32,638.05,17.57,183.03,250,360,342.4,36.96
163,2022-09-26,Harsha Engineers International Ltd.,755,178.3,71.3,17.6,74.7,330,450,486.5,47.4
311,2017-09-21,Matrimony.com,501.07,1.88,0.41,18.16,4.44,985,985,901.2,-8.51
480,2010-03-03,ARSS Infra,103,49.34,124.53,18.55,47.62,450,640,736.3,63.62
316,2017-08-10,SIS,362.25,5.64,1.65,18.67,6.92,815,875,378.35,-53.58
171,2022-05-24,Venus Pipes & Tubes Ltd.,165.4,12,15.7,19,16.3,326,337.5,354.4,8.7
128,2023-07-27,Netweb Technologies India Ltd.,631,228.9,81.8,19.1,90.4,500,947,910.4,82.1
35,2024-08-26,Interarch Building Products Ltd.,600.3,205.4,128.4,19.1,93.5,900,1299,1195.7,32.9
47,2024-06-28,Stanley Lifestyles Ltd.,537,222.1,119.5,19.2,97,369,494.9,474.8,28.7
476,2010-03-29,DQ Entertain,128.38,93.86,272.88,19.45,86.33,80,135,108.55,35.69
160,2022-10-17,Electronics Mart India Ltd.,500,169.5,63.6,19.7,71.9,59,90,84.5,43.2
32,2024-09-04,Ecos (India) Mobility & Hospitality Ltd.,601.2,136.8,71.2,19.8,64.3,334,390,443.1,32.7
86,2023-12-27,Credo Brands Marketing Ltd.,549.8,105,55.5,19.9,51.9,280,282.4,312.2,11.5
238,2021-03-25,Laxmi Organic Industries Ltd.,600,175.4,217.6,20.1,106.8,130,173,164.6,26.6
424,2011-03-24,Lovable Lingeri,93.28,21.87,99.87,20.84,35.21,205,261.5,249.2,21.56
41,2024-08-06,Akums Drugs and Pharmaceuticals Ltd.,1856.7,90.1,42.2,21.3,63.6,679,725,796.3,17.3
27,2024-09-16,Tolins Tyres Ltd.,230,25.4,27.4,21.5,23.9,226,228,239.4,5.9
149,2022-12-08,Dharmaj Crop Guard Ltd.,251.2,48.2,52.3,21.5,35.5,237,266.1,266.3,12.4
473,2010-04-06,Persistent,168.01,144.43,107.73,21.69,93.6,310,400,204,-34.19
189,2021-12-24,Data Patterns (India) Ltd.,588.2,190.9,254.2,23.1,119.6,585,864,754.9,29
49,2024-06-26,DEE Development Engineers Ltd.,418,201.9,144,23.4,99.6,203,325,335,65
84,2023-12-28,Azad Engineering Ltd.,740,179.7,87.6,23.8,80.7,524,720,677.5,29.3
320,2017-06-30,CDSL,523.99,148.71,563.03,23.83,170.16,149,250,261.6,75.57
394,2012-03-09,MCX India,663.31,49.12,150.35,24.14,54.13,1032,1387,1297.05,25.68
217,2021-08-17,Windlas Biotech Ltd.,401.5,24.4,15.7,24.2,22.4,460,439,406.7,-11.6
42,2024-07-26,Sanstar Ltd.,510.1,145.7,136.5,24.2,83,95,109,115.1,21.1
6,2024-11-29,Enviro Infra Engineers Ltd.,650.4,157.1,153.8,24.5,89.9,148,220,207.1,39.9
221,2021-08-09,Rolex Rings Ltd.,731,143.6,360.1,24.5,130.4,900,1249,1166.5,29.6
85,2023-12-27,RBZ Jewellers Ltd.,100,13.4,9.3,24.7,16.9,100,100,105,5
54,2024-05-15,TBO Tek Ltd.,1550.8,125.5,50.6,25.7,86.7,920,1426,1406.3,52.9
24,2024-09-24,Western Carriers (India) Ltd.,492.9,28,44.7,25.9,30.6,172,171,159.4,-7.3
246,2021-02-05,Stove Kraft Ltd.,413,8,32.7,26,18,385,498,445.9,15.8
82,2024-01-16,Jyoti CNC Automation Ltd.,1000,44.1,36.5,26.2,38.5,331,370,434.2,31.2
241,2021-03-15,MTAR Technologies Ltd.,596,165,650.8,28.4,200.8,575,990,1082.3,88.2
95,2023-11-30,Gandhar Oil Refinery (India) Ltd.,500.7,129,62.2,28.9,64.1,169,298,301.4,78.3
251,2020-12-24,Mrs. Bectors Food Specialities Ltd.,540.5,176.8,620.9,29.3,198,288,501,595.5,106.8
196,2021-12-13,Tega Industries Ltd.,619.2,215.4,666.2,29.4,219,453,753,725.5,60.1
116,2023-09-21,EMS Ltd.,321.2,153,82.3,29.8,75.3,211,282.1,279.9,32.6
77,2024-02-12,Apeejay Surrendra Park Hotels Ltd.,920,75.1,52.4,30.4,59.7,155,186,203.6,31.3
23,2024-09-24,Northern Arc Capital Ltd.,777,240.8,142.4,31.1,110.9,263,350,323.4,23
346,2016-07-12,Quess Corp,400,59.02,392.21,31.23,143.99,317,500,503,58.68
452,2010-10-06,Career Point,115,47.45,101.93,31.74,47.39,310,461,632.35,103.98
121,2023-09-05,Vishnu Prakash R Punglia Ltd.,308.9,171.7,111,32,87.8,99,165,145.7,47.2
433,2010-12-15,MOIL,1260,49.16,143.3,32.86,56.43,375,551,233.25,-37.8
29,2024-09-12,Shree Tirupati Balajee Agro Trading Company Ltd.,169.7,60.8,102.3,33,55.8,83,90,94.5,13.9
65,2024-03-12,R K Swamy Ltd.,423.6,20.6,34.4,34,25.9,288,250,262.6,-8.8
122,2023-08-31,Aeroflex Industries Ltd.,351,194.7,126.1,34.4,97.1,108,190,163.3,51.2
223,2021-07-29,Tatva Chintan Pharma Chem Ltd.,500,185.2,512.2,35.4,180.4,1083,2111.8,2310.3,113.3
256,2020-10-12,Mazagon Dock Shipbuilders Ltd.,443.7,89.7,678.9,35.6,157.4,145,216.3,173,19.3
435,2010-11-16,Gravita India,45,6.04,182.52,37.34,42.88,125,218.75,42.08,-66.34
219,2021-08-16,Devyani International Ltd.,1838,95.3,213.1,39.5,116.7,90,141,123.3,37.1
141,2023-01-12,Sah Polymers Ltd.,66.3,2.4,32.7,39.8,17.5,65,85,89.3,37.3
16,2024-10-28,Deepak Builders & Engineers India Ltd.,260,13.9,82.5,39.8,41.5,203,200,161.9,-20.2
218,2021-08-16,Exxaro Tiles Ltd.,161.1,17.7,5.4,40,22.6,120,126,132.3,10.2
296,2018-01-22,Apollo Micro Sy,156,101.93,958.07,40.19,248.51,275,478,454.1,65.13
259,2020-10-01,Chemcon Speciality Chemicals Ltd.,318,113.5,449.1,41.1,149.3,340,731,584.8,72
380,2014-09-12,Snowman Logist,197.4,16.98,221.79,41.26,59.75,47,75,78.75,67.55
220,2021-08-16,Krsnaa Diagnostics Ltd.,1213.3,49.8,116.3,42,64.4,954,1025,990.8,3.9
165,2022-09-06,Dreamfolks Services Ltd.,562.1,70.5,37.7,43.6,56.7,326,508.7,462.4,41.8
266,2019-12-04,CSB Bank Ltd.,409.7,62.2,164.7,44.5,86.9,195,275,300.1,53.9
48,2024-06-26,Akme Fintrade (India) Ltd.,132,28.1,130.3,45.8,55.1,120,127,133.3,11.1
60,2024-04-03,SRM Contractors Ltd.,130.2,59.6,214.9,47,86.6,210,215.3,226,7.6
265,2019-12-12,Ujjivan Small Finance Bank Ltd.,750,110.7,473,49,165.7,37,58.8,55.9,51.1
131,2023-07-10,Cyient DLM Ltd.,592,90.4,45,49.2,67.3,265,403,420.6,58.7
198,2021-11-30,Go Fashion (India) Ltd.,1013.6,100.7,262.1,49.7,135.5,690,1310,1253.7,81.7
68,2024-03-05,Platinum Industries Ltd.,235.3,151,141.8,51,99,171,225,221.2,29.4
22,2024-09-24,Arkade Developers Ltd.,410,163.2,163,51.4,106.8,128,175,165.9,29.6
120,2023-09-11,Ratnaveer Precision Engineering Ltd.,165,133.1,135.2,54,94,98,123.2,129.3,32
52,2024-05-30,Awfis Space Solutions Ltd.,598.9,117,129.8,54.6,108.6,383,435,421.8,10.1
50,2024-06-18,LE Travenues Technology Ltd.,740.1,106.7,110.5,54.7,98.3,93,138.1,165.7,78.2
45,2024-07-03,Vraj Iron & Steel Ltd.,171,163.9,208.8,54.9,119,207,240,252,21.7
161,2022-10-13,Vedant Asset Ltd.,3,,43,55.2,48.6,40,71.7,64.8,62.1
51,2024-06-10,Kronox Lab Sciences Ltd.,130.2,89,303,55.7,118.2,136,164.9,159.3,17.1
187,2021-12-28,Supriya Lifescience Ltd.,700,31.8,161.2,56,71.5,274,425,390.4,42.5
67,2024-03-07,Mukka Proteins Ltd.,224,189.3,250.4,58.5,137,28,40,42.3,50.9
317,2017-07-25,Salasar Techno,35.87,0,487.18,58.59,277.28,108,259.45,272.1,151.94
36,2024-08-20,Saraswati Saree Depot Ltd,160,64.1,358.5,61.6,107.4,160,194,203.7,27.3
158,2022-11-11,DCX Systems Ltd.,500,84.3,44,61.7,69.8,207,287,308.4,49
34,2024-08-28,Orient Technologies Ltd.,214.8,189.9,300.6,66.8,151.7,206,288,302.4,46.8
252,2020-12-14,Burger King India Ltd.,810,86.6,354.1,68.2,156.7,60,115.3,138.4,130.7
93,2023-12-20,DOMS Industries Ltd.,1200,116,66.5,69.7,93.5,790,1400,1326,67.8
240,2021-03-19,Easy Trip Planners Ltd.,510,77.5,382.2,70.4,159.3,187,182,208.3,11.4
261,2020-09-17,Happiest Minds Technologies Ltd.,702,77.4,351.5,70.9,151,166,351,371,123.5
129,2023-07-21,Utkarsh Small Finance Bank Ltd.,500,124.8,81.6,72.1,101.9,25,40,48,92
234,2021-03-30,Nazara Technologies Ltd.,582.9,103.8,389.9,75.3,175.5,1101,1971,1576.8,43.2
79,2024-01-31,Nova Agritech Ltd.,143.8,79.3,224.1,77.1,109.4,41,55,57.8,40.9
297,2017-12-29,Astron Paper &,70,103.35,396.99,77.93,243.29,50,120.75,119.7,139.4
203,2021-11-15,Sigachi Industries Ltd.,125.4,86.5,172.4,80.5,101.9,163,575,603.8,270.4
188,2021-12-27,HP Adhesives Ltd.,126,1.8,19,81.2,21,274,319,334.9,22.2
132,2023-07-07,ideaForge Technology Ltd.,567,125.8,80.6,85.2,106,672,1300,1295,92.7
19,2024-10-04,Diffusion Engineers Ltd.,158,95.7,207.6,85.6,114.5,168,193.5,203.2,20.9
30,2024-09-09,Gala Precision Engineering Ltd.,167.9,232.5,414.6,92,201.4,529,721.1,757.1,43.1
20,2024-10-03,KRN Heat Exchanger and Refrigeration Ltd.,341.5,253,431.6,98.3,214.4,220,480,478.8,117.6
209,2021-10-01,Paras Defence and Space Technologies Ltd.,170.8,169.7,927.7,112.8,304.3,175,475,498.8,185
200,2021-11-23,Latent View Analytics Ltd.,600,145.5,850.7,119.4,326.5,197,530,488.6,148
69,2024-03-05,Exicom Tele-Systems Ltd.,424.1,121.8,153.2,119.6,129.5,142,265,224.9,58.4
88,2023-12-26,Motisons Jewellers Ltd.,151.1,157.4,233.9,122.3,159.6,55,109,103.5,88.3
37,2024-08-13,Unicommerce eSolutions Ltd.,276.6,138.8,252.5,131,168.3,108,235,210.1,94.5
2,2024-12-18,One MobiKwik Systems Ltd.,572,119.5,109,134.7,119.4,279,440,528,89.3
21,2024-09-30,Manba Finance Ltd.,150.8,148.6,511.6,144,224.1,120,145,157.4,31.2
244,2021-02-26,Nureca Ltd.,100,3.1,31.6,166.7,39.9,400,635,666.6,66.7
72,2024-02-20,Vibhor Steel Tubes Ltd.,72.2,178.7,721.3,188.2,298.9,151,425,446.3,195.5
78,2024-02-06,BLS E-Services Ltd.,310.9,123.3,300.1,237,162.5,135,305,366,171.1
106,2023-10-12,Plaza Wires Ltd.,71.3,42.8,388.1,374.8,161,54,76,80.2,48.5
135,2023-05-19,Nexus Select Trust REIT,3200,1.9,6.2,,3,100,103,104.3,4.3
66,2024-03-12,Bharat Highways InvIT,2500,8.9,6.9,,8,100,101.1,103,3
245,2021-02-17,Brookfield India Real Estate Trust,3800,4.8,11.5,,7.9,275,281.7,268.9,-2.2
